,number,content,location,people
0,0,0.jpg,nagoya,A
1,1,1.jpg,nagoya,A
2,2,2.jpg,takayama,J
3,3,3.jpg,takayama,J
4,4,4.jpg,takayama,J
5,5,5.jpg,takayama,J
6,6,6.jpg,takayama,J
7,7,7.jpg,takayama,J
8,8,8.jpg,takayama,J
9,9,9.jpg,takayama,A
10,10,10.jpg,takayama,J
11,11,11.jpg,takayama,J
12,12,12.jpg,takayama,J
13,13,13.jpg,toyama,J
14,14,14.jpg,toyama,N
15,15,15.jpg,toyama,J
16,16,16.jpg,toyama,N
17,17,17.jpg,takayama,J
18,18,18.jpg,takayama,J
19,19,19.jpg,shirakawago,N
20,20,20.jpg,shirakawago,J
21,21,21.jpg,shirakawago,J
22,22,22.jpg,shirakawago,J
23,23,23.jpg,shirakawago,J
24,24,24.jpg,shirakawago,J
25,25,25.jpg,shirakawago,J
26,26,26.jpg,takayama,N
27,27,27.jpg,takayama,J
28,28,28.jpg,takayama,J
29,29,29.jpg,takayama,J
30,30,30.jpg,takayama,J
31,31,31.jpg,takayama,J
32,32,32.jpg,takayama,J
33,33,33.jpg,takayama,J
34,34,34.jpg,takayama,N
35,35,35.jpg,gero,J
36,36,36.jpg,gero,N
37,37,37.jpg,gero,A
38,38,38.jpg,gero,N
39,39,39.jpg,gero,J
40,40,40.jpg,gero,J
41,41,41.jpg,gero,J
42,42,42.jpg,gero,J
43,43,43.jpg,gero,J
44,44,44.jpg,nagoya,N
45,45,45.jpg,nagoya,A
46,46,46.jpg,nagoya,A
47,47,47.jpg,nagoya,A
48,48,48.jpg,nagoya,N
49,49,49.jpg,nagoya,N
50,50,50.jpg,nagoya,N
51,51,51.jpg,nagoya,N
52,52,52.jpg,nagoya,N
53,53,53.jpg,nagoya,N
54,54,54.jpg,gero,N
55,55,55.jpg,gero,N
56,56,56.jpg,gero,N
57,57,57.jpg,gero,N
58,58,58.jpg,gero,N
59,59,59.jpg,gero,C
60,60,60.jpg,gero,N
61,61,61.jpg,gero,N
62,62,62.jpg,gero,N
63,63,63.jpg,gero,N
64,64,64.jpg,gero,A
65,65,65.jpg,gero,N
66,66,66.jpg,gero,N
67,67,67.jpg,gero,N
68,68,68.jpg,takayama,N
69,69,69.jpg,takayama,N
70,70,70.jpg,takayama,N
71,71,71.jpg,takayama,N
72,72,72.jpg,takayama,N
73,73,73.jpg,takayama,N
74,74,74.jpg,takayama,C
75,75,75.jpg,takayama,C
76,76,76.jpg,takayama,C
77,77,77.jpg,takayama,N
78,78,78.jpg,gero,A
79,79,79.jpg,gero,A
80,80,80.jpg,gero,A
81,81,81.jpg,gero,C
82,82,82.jpg,gero,A
83,83,83.jpg,gero,C
84,84,84.jpg,gero,C
85,85,85.jpg,gero,A
86,86,86.jpg,gero,C
87,87,87.jpg,gero,A
88,88,88.jpg,gero,C
89,89,89.jpg,gero,C
90,90,90.jpg,gero,A
91,91,91.jpg,gero,A
92,92,92.jpg,gero,C
93,93,93.jpg,gero,A
94,94,94.jpg,gero,C
95,95,95.jpg,gero,A
96,96,96.jpg,gero,C
97,97,97.jpg,takayama,C
98,98,98.jpg,gero,C
99,99,99.jpg,takayama,C
100,100,100.jpg,gero,A
101,101,101.jpg,gero,C
102,102,102.jpg,gero,C
103,103,103.jpg,gero,A
104,104,104.jpg,gero,C
105,105,105.jpg,gero,C
106,106,106.jpg,gero,C
107,107,107.jpg,gero,C
108,108,108.jpg,takayama,C
109,109,109.jpg,shirakawago,C
110,110,110.jpg,shirakawago,C
111,111,111.jpg,takayama,C
112,112,112.jpg,shirakawago,C
113,113,113.jpg,gero,C
114,114,114.jpg,takayama,C
115,115,115.jpg,gero,C
116,116,116.jpg,shirakawago,C
117,117,117.jpg,shirakawago,C
118,118,118.jpg,shirakawago,C
119,119,119.jpg,gero,C
120,120,120.jpg,gero,C
121,121,121.jpg,takayama,C
122,122,122.jpg,takayama,C
123,123,123.jpg,shirakawago,C
124,124,124.jpg,takayama,C
125,125,125.jpg,shirakawago,C
126,126,126.jpg,gero,C
127,127,127.jpg,takayama,C
128,128,128.jpg,gero,C
129,129,129.jpg,shirakawago,C
130,130,130.jpg,shirakawago,C
131,131,131.jpg,shirakawago,C
132,132,132.jpg,shirakawago,C
133,133,133.jpg,shirakawago,C
134,134,134.jpg,gero,C
135,135,135.jpg,shirakawago,C
136,136,136.jpg,shirakawago,C
137,137,137.jpg,shirakawago,C
138,138,138.jpg,nagoya,C
139,139,139.jpg,takayama,C
140,140,140.jpg,takayama,A
141,141,141.jpg,takayama,C
142,142,142.jpg,takayama,C
143,143,143.jpg,takayama,C
144,144,144.jpg,toyama,C
145,145,145.jpg,nagoya,A
146,146,146.jpg,takayama,C
147,147,147.jpg,toyama,C
148,148,148.jpg,takayama,C
149,149,149.jpg,takayama,C
150,150,150.jpg,takayama,C
151,151,151.jpg,takayama,C
152,152,152.jpg,takayama,C
153,153,153.jpg,toyama,C
154,154,154.jpg,nagoya,C
155,155,155.jpg,takayama,C
156,156,156.jpg,nagoya,C
157,157,157.jpg,takayama,C
158,158,158.jpg,takayama,C
159,159,159.jpg,takayama,C
160,160,160.jpg,takayama,C
161,161,161.jpg,takayama,C
162,162,162.jpg,toyama,C
163,163,163.jpg,nagoya,C
164,164,164.jpg,nagoya,C
165,165,165.jpg,takayama,C
166,166,166.jpg,takayama,C
167,167,167.jpg,takayama,C
168,168,168.jpg,nagoya,C
169,169,169.jpg,nagoya,C
170,170,170.jpg,nagoya,A
171,171,171.jpg,nagoya,C
172,172,172.jpg,nagoya,C
173,173,173.jpg,nagoya,C
174,174,174.jpg,nagoya,C
175,175,175.jpg,nagoya,C
176,176,176.jpg,nagoya,A
177,177,177.jpg,nagoya,A
178,178,178.jpg,nagoya,A
179,179,179.jpg,nagoya,A
180,180,180.jpg,nagoya,C
181,181,181.jpg,nagoya,C
182,182,182.jpg,nagoya,C
183,183,183.jpg,nagoya,C
184,184,184.jpg,nagoya,C
185,185,185.jpg,nagoya,C
186,186,186.jpg,nagoya,C
187,187,187.jpg,nagoya,C
188,188,188.jpg,nagoya,C
189,189,189.jpg,nagoya,N
190,190,190.jpg,nagoya,N
191,191,191.jpg,nagoya,N
192,192,192.jpg,nagoya,N
193,193,193.jpg,nagoya,N
194,194,194.jpg,nagoya,N
195,195,195.jpg,gero,N
196,196,196.jpg,gero,N
197,197,197.jpg,gero,N
198,198,198.jpg,gero,N
199,199,199.jpg,gero,N
200,200,200.jpg,gero,C
201,201,201.jpg,gero,N
202,202,202.jpg,gero,N
203,203,203.jpg,gero,N
204,204,204.jpg,gero,N
205,205,205.jpg,gero,A
206,206,206.jpg,gero,C
207,207,207.jpg,gero,N
208,208,208.jpg,gero,N
209,209,209.jpg,takayama,N
210,210,210.jpg,takayama,N
211,211,211.jpg,takayama,N
212,212,212.jpg,takayama,N
213,213,213.jpg,takayama,N
214,214,214.jpg,takayama,N
215,215,215.jpg,takayama,C
216,216,216.jpg,takayama,C
217,217,217.jpg,takayama,C
218,218,218.jpg,takayama,N
219,219,219.jpg,takayama,C
220,220,220.jpg,takayama,N
221,221,221.jpg,takayama,N
222,222,222.jpg,takayama,N
223,223,223.jpg,takayama,N
224,224,224.jpg,takayama,N
225,225,225.jpg,takayama,C
226,226,226.jpg,takayama,N
227,227,227.jpg,takayama,N
228,228,228.jpg,takayama,N
229,229,229.jpg,shirakawago,N
230,230,230.jpg,shirakawago,C
231,231,231.jpg,toyama,N
232,232,232.jpg,toyama,N
233,233,233.jpg,toyama,N
234,234,234.jpg,toyama,N
235,235,235.jpg,toyama,N
236,236,236.jpg,toyama,N
237,237,237.jpg,takayama,C
238,238,238.jpg,takayama,N
239,239,239.jpg,takayama,C
240,240,240.jpg,takayama,C
241,241,241.jpg,takayama,N
242,242,242.jpg,nagoya,N
243,243,243.jpg,nagoya,N
244,244,244.jpg,nagoya,N
245,245,245.jpg,nagoya,N
246,246,246.jpg,nagoya,N
247,247,247.jpg,nagoya,N
248,248,248.jpg,nagoya,N
